status,aircraft_iata_code,aircraft_icao24,aircraft_icao_code,aircraft_reg_number,airline_iata_code,airline_icao_code,arrival_iata_code,arrival_icao_code,departure_iata_code,departure_icao_code,flight_iata_number,flight_icao_number,flight_number,geography_altitude,geography_direction,geography_latitude,geography_longitude,speed_horizontal,speed_is_ground,speed_vspeed,system_squawk,system_updated
en-route,A359,888167,A359,VN-A898,VN,HVN,SGN,VVTS,SYD,YSSY,VN772,HVN772,772,12192.0,316.0,-1.5288,120.992,937.112,0.0,0.0,,2025-11-15 06:51:13+00:00
unknown,A321,8880B5,A321,VN-A606,VN,HVN,HAN,VVNB,NRT,RJAA,VN311,HVN311,311,312.42,107.0,21.243,105.731,290.764,0.0,0.0,,2025-11-15 06:45:17+00:00
en-route,A359,8880E6,A359,VN-A888,VN,HVN,SGN,VVTS,MEL,YMML,VN780,HVN780,780,12481.6,317.0,0.4948,119.084,938.964,0.0,0.0,,2025-11-15 06:51:13+00:00
en-route,B789,88812B,B789,VN-A871,VN,HVN,LHR,EGLL,SGN,VVTS,VN51,HVN51,51,12207.2,316.0,51.6581,2.8016,866.736,0.0,0.0,3562.0,2025-11-15 06:46:25+00:00
en-route,A321,888098,A321,VN-A334,VN,HVN,ICN,RKSI,SGN,VVTS,VN402,HVN402,402,10058.4,14.0,34.0922,126.723,918.592,0.0,0.0,,2025-11-15 06:46:09+00:00
landed,A321,8880A1,A321,VN-A393,VN,HVN,CGK,WIII,SGN,VVTS,VN631,HVN631,631,0.0,67.0,-6.1124,106.656,16.668,1.0,0.0,,2025-11-15 06:41:23+00:00
en-route,A359,888152,A359,VN-A896,VN,HVN,ICN,RKSI,HAN,VVNB,VN414,HVN414,414,12207.2,4.0,35.2058,126.874,931.556,0.0,0.0,,2025-11-15 06:51:28+00:00
en-route,B78X,88818D,B78X,VN-A878,VN,HVN,SGN,VVTS,HAN,VVNB,VN211,HVN211,211,3078.48,243.0,11.1361,107.351,638.94,0.0,0.0,,2025-11-15 06:51:06+00:00
en-route,A359,88812D,A359,VN-A892,VN,HVN,HAN,VVNB,SYD,YSSY,VN786,HVN786,786,11582.4,321.0,-23.4152,139.447,818.584,0.0,0.0,,2025-11-15 06:51:06+00:00
unknown,A321,8880CA,A321,VN-A611,VN,HVN,HAN,VVNB,DAD,VVDN,VN166,HVN166,166,304.8,107.0,21.2422,105.734,287.06,0.0,0.0,,2025-11-15 06:47:14+00:00
en-route,A21N,888164,A21N,VN-A616,VN,HVN,VCA,VVCT,HAN,VVNB,VN1203,HVN1203,1203,2773.68,212.0,10.1813,105.827,542.636,0.0,0.0,,2025-11-15 06:51:07+00:00
unknown,A321,8880AD,A321,VN-A602,VN,HVN,THD,VVTX,SGN,VVTS,VN1276,HVN1276,1276,1699.26,7.0,19.6288,105.606,407.44,0.0,0.0,,2025-11-15 06:40:55+00:00
en-route,B789,8880E0,B789,VN-A862,VN,HVN,SGN,VVTS,HAN,VVNB,VN251,HVN251,251,10965.2,155.0,17.7033,107.407,907.48,0.0,0.0,,2025-11-15 06:51:06+00:00
en-route,A321,8880F1,A321,VN-A615,VN,HVN,HAN,VVNB,BKK,VTBS,VN610,HVN610,610,9776.46,36.0,20.3432,104.319,896.368,0.0,0.0,,2025-11-15 06:51:04+00:00
unknown,A20N,8881B6,A20N,VN-A514,VN,HVN,DLI,VVDL,HAN,VVNB,VN1575,HVN1575,1575,2392.68,177.0,11.9224,108.153,396.328,0.0,0.0,,2025-11-15 06:47:14+00:00
en-route,A321,8880C5,A321,VN-A609,VN,HVN,SGN,VVTS,SIN,WSSS,VN650,HVN650,650,7635.24,2.0,9.2281,106.704,825.992,0.0,0.0,,2025-11-15 06:45:14+00:00
en-route,A321,88804E,A321,VN-A353,VN,HVN,SGN,VVTS,DAD,VVDN,VN123,HVN123,123,403.86,248.0,10.8474,106.723,281.504,0.0,0.0,,2025-11-15 06:51:06+00:00
en-route,A359,888138,A359,VN-A893,VN,HVN,HAN,VVNB,SGN,VVTS,VN212,HVN212,212,5821.68,336.0,20.031,105.827,696.352,0.0,0.0,,2025-11-15 06:51:06+00:00
en-route,A321,8880ED,A321,VN-A613,VN,HVN,HAN,VVNB,SIN,WSSS,VN660,HVN660,660,10485.1,9.0,8.113,104.261,861.18,0.0,0.0,,2025-11-15 06:45:34+00:00
en-route,A21N,888176,A21N,VN-A501,VN,HVN,CAN,ZGGG,HAN,VVNB,VN506,HVN506,506,5516.88,81.0,22.9385,111.491,757.468,0.0,0.0,,2025-11-15 06:45:48+00:00
en-route,A321,8880A4,A321,VN-A396,VN,HVN,BKK,VTBS,HAN,VVNB,VN615,HVN615,615,10972.8,201.0,17.5082,102.338,846.364,0.0,0.0,,2025-11-15 06:51:05+00:00
en-route,A321,88808C,A321,VN-A325,VN,HVN,HAN,VVNB,CXR,VVCR,VN1552,HVN1552,1552,9471.66,334.0,19.6111,106.057,866.736,0.0,0.0,,2025-11-15 06:51:07+00:00
en-route,A20N,8881B5,A20N,VN-A513,VN,HVN,HAN,VVNB,UIH,VVPC,VN1622,HVN1622,1622,6316.98,347.0,14.8036,108.846,796.36,0.0,0.0,,2025-11-15 06:51:05+00:00
landed,A321,8880B4,A321,VN-A605,VN,HVN,PQC,VVPQ,SGN,VVTS,VN1827,HVN1827,1827,0.0,185.0,10.1643,103.998,0.0,1.0,0.0,,2025-11-15 06:51:05+00:00
en-route,A321,88809C,A321,VN-A339,VN,HVN,SGN,VVTS,DAD,VVDN,VN127,HVN127,127,9753.6,181.0,12.6387,108.122,857.476,0.0,0.0,,2025-11-15 06:51:07+00:00
en-route,A359,888153,A359,VN-A897,VN,HVN,HAN,VVNB,SGN,VVTS,VN248,HVN248,248,11330.9,2.0,13.0139,107.744,948.224,0.0,0.0,,2025-11-15 06:51:05+00:00
en-route,A321,8880AE,A321,VN-A603,VN,HVN,LPQ,VLLB,HAN,VVNB,VN931,HVN931,931,1905.0,229.0,20.0849,102.388,370.4,0.0,0.0,,2025-11-15 06:45:14+00:00
en-route,A321,888051,A321,VN-A354,VN,HVN,DAD,VVDN,SGN,VVTS,VN6036,PIC6036,6036,7002.78,40.0,11.5239,107.102,774.136,0.0,0.0,,2025-11-15 06:51:06+00:00
landed,B78X,88818C,B78X,VN-A877,VN,HVN,SGN,VVTS,NRT,RJAA,VN307,HVN307,307,0.0,95.0,10.8135,106.659,0.0,1.0,0.0,,2025-11-15 06:45:05+00:00
en-route,A321,888061,A321,VN-A363,VN,HVN,PQC,VVPQ,HAN,VVNB,VN6401,PIC6401,6401,10965.2,194.0,13.9528,105.473,840.808,0.0,0.0,,2025-11-15 06:45:14+00:00
unknown,A21N,888183,A21N,VN-A505,VN,HVN,UIH,VVPC,SGN,VVTS,VN1390,HVN1390,1390,129.54,326.0,13.9323,109.057,235.204,0.0,0.0,,2025-11-15 06:47:14+00:00
en-route,A321,888093,A321,VN-A332,VN,HVN,HAN,VVNB,KHH,RCKH,VN583,HVN583,583,11003.3,298.0,21.2891,109.913,837.104,0.0,0.0,,2025-11-15 06:45:49+00:00
unknown,A321,8880C6,A321,VN-A610,VN,HVN,HAN,VVNB,NRT,RJAA,VN5311,HVN5311,5311,297.18,107.0,21.2425,105.733,275.948,0.0,0.0,,2025-11-15 06:50:54+00:00
unknown,A320,88811C,A320,VN-A672,VJ,VJC,DLI,VVDL,HAN,VVNB,VJ407,VJC407,407,2453.64,177.0,11.8667,108.155,18.52,0.0,0.0,,2025-11-15 06:35:14+00:00
en-route,A321,888140,A321,VN-A643,VJ,VJC,SGN,VVTS,DAD,VVDN,VJ635,VJC635,635,6911.34,184.0,14.9562,108.227,838.956,0.0,0.0,,2025-11-15 06:51:05+00:00
en-route,A320,888126,A320,VN-A675,VJ,VJC,SGN,VVTS,THD,VVTX,VJ251,VJC251,251,9753.6,147.0,17.1717,107.074,850.068,0.0,0.0,,2025-11-15 06:51:05+00:00
landed,A21N,8881E1,A21N,VN-A538,VJ,VJC,SGN,VVTS,NRT,RJAA,VJ823,VJC823,823,0.0,70.0,10.8138,106.648,35.188,1.0,0.0,,2025-11-15 06:51:01+00:00
en-route,A333,8881DC,A333,VN-A815,VJ,VJC,SGN,VVTS,SYD,YSSY,VJ86,VJC86,86,11582.4,291.0,-5.0916,124.299,911.184,0.0,0.0,,2025-11-15 06:51:06+00:00
unknown,A21N,8881F0,A21N,VN-A545,VJ,VJC,HAN,VVNB,NRT,RJAA,VJ933,VJC933,933,312.42,106.0,21.2422,105.734,246.316,0.0,0.0,,2025-11-15 06:30:52+00:00
en-route,A320,8880EA,A320,VN-A655,VJ,VJC,SGN,VVTS,TBB,VVTH,VJ207,VJC207,207,7917.18,240.0,11.7203,108.653,872.292,0.0,0.0,,2025-11-15 06:51:02+00:00
unknown,A21N,8881F5,A21N,VN-A550,VJ,VJC,HAN,VVNB,ICN,RKSI,VJ961,VJC961,961,236.22,106.0,21.2383,105.748,268.54,0.0,0.0,,2025-11-15 06:37:14+00:00
landed,A333,8881C7,A333,VN-A812,VJ,VJC,SGN,VVTS,HAN,VVNB,VJ129,VJC129,129,0.0,95.0,10.8126,106.661,0.0,1.0,0.0,,2025-11-15 06:45:15+00:00
en-route,A321,8881A7,A321,VN-A522,VJ,VJC,SGN,VVTS,ICN,RKSI,VJ863,VJC863,863,1074.42,279.0,10.8815,106.836,372.252,0.0,0.0,,2025-11-15 06:51:06+00:00
en-route,A321,8881B1,A321,VN-A535,VJ,VJC,DPS,WADD,HAN,VVNB,VJ997,VJC997,997,10058.4,164.0,6.7199,110.868,824.14,0.0,0.0,,2025-11-15 06:51:10+00:00
unknown,A320,8880F3,A320,VN-A662,VJ,VJC,HPH,VVCI,SGN,VVTS,VJ274,VJC274,274,0.0,72.0,20.8145,106.715,257.428,0.0,0.0,,2025-11-15 06:35:14+00:00
en-route,A21N,8881AE,A21N,VN-A534,VJ,VJC,HAN,VVNB,DPS,WADD,VJ900,VJC900,900,10058.4,1.0,0.1799,114.842,851.92,0.0,0.0,,2025-11-15 06:50:58+00:00
en-route,A21N,8881FF,A21N,VN-A500,VJ,VJC,BKK,VTBS,HAN,VVNB,VJ901,VJC901,901,9311.64,212.0,15.6001,101.216,864.884,0.0,0.0,,2025-11-15 06:51:06+00:00
en-route,A321,888041,A321,VN-A687,VJ,VJC,DPS,WADD,SGN,VVTS,VJ897,VJC897,897,121.92,267.0,-8.7475,115.192,240.76,0.0,0.0,,2025-11-15 06:45:33+00:00
landed,A320,885973,A320,HS-VKS,VJ,VJC,BKK,VTBS,PQC,VVPQ,VZ981,TVJ981,981,0.0,14.0,13.6905,100.752,0.0,1.0,0.0,,2025-11-15 06:50:14+00:00
en-route,A21N,88817C,A21N,VN-A607,VJ,VJC,SGN,VVTS,KHH,RCKH,VJ885,VJC885,885,9144.0,241.0,12.2605,109.724,870.44,0.0,0.0,,2025-11-15 06:51:06+00:00
Unknown,A333,8881DB,A333,VN-A814,VJ,VJC,MEL,YMML,SGN,VVTS,VJ81,VJC81,81,10058.4,130.0,0.7008,118.727,883.404,0.0,0.0,,2025-11-15 06:51:13+00:00
en-route,A21N,88815B,A21N,VN-A674,VJ,VJC,HKG,VHHH,PQC,VVPQ,VJ986,VJC986,986,10066.0,10.0,19.8531,112.656,901.924,0.0,0.0,,2025-11-15 06:51:04+00:00
en-route,A321,885972,A321,HS-VKR,VJ,VJC,BKK,VTBS,HKT,VTSP,VZ305,TVJ305,305,2057.4,194.0,13.5646,100.813,461.148,0.0,0.0,,2025-11-15 06:51:06+00:00
en-route,A320,8880E8,A320,VN-A650,VJ,VJC,SGN,VVTS,SIN,WSSS,VJ812,VJC812,812,1600.2,324.0,10.816,106.945,390.772,0.0,0.0,,2025-11-15 06:51:06+00:00
en-route,A320,888095,A320,VN-A666,VJ,VJC,SGN,VVTS,KUL,WMKK,VJ826,VJC826,826,10058.4,36.0,7.5331,104.171,864.884,0.0,0.0,,2025-11-15 06:51:12+00:00
en-route,A21N,888171,A21N,VN-A525,VJ,VJC,ICN,RKSI,SGN,VVTS,VJ860,VJC860,860,10050.8,6.0,16.2227,109.424,885.256,0.0,0.0,,2025-11-15 06:51:06+00:00
landed,A333,8881DE,A333,VN-A817,VJ,VJC,SGN,VVTS,HAN,VVNB,VJ133,VJC133,133,0.0,70.0,10.8176,106.658,27.78,1.0,0.0,,2025-11-15 06:51:07+00:00
en-route,A320,885962,A320,HS-VKB,VJ,VJC,BKK,VTBS,DAD,VVDN,VZ961,TVJ961,961,9144.0,257.0,15.5963,106.4,896.368,0.0,0.0,,2025-11-15 06:51:07+00:00
en-route,A21N,888143,A21N,VN-A646,VJ,VJC,SGN,VVTS,DPS,WADD,VJ894,VJC894,894,10675.6,352.0,-4.9097,114.88,864.884,0.0,0.0,,2025-11-15 06:51:13+00:00
en-route,A321,88596C,A321,HS-VKL,VJ,VJC,BKK,VTBS,UBP,VTUU,VZ221,TVJ221,221,3398.52,195.0,13.731,100.859,518.56,0.0,0.0,,2025-11-15 06:51:07+00:00
landed,A321,888136,A321,VN-A641,VJ,VJC,SGN,VVTS,HAN,VVNB,VJ135,VJC135,135,0.0,185.0,10.8136,106.658,29.632,1.0,0.0,,2025-11-15 06:48:24+00:00
en-route,A321,888151,A321,VN-A639,VJ,VJC,VCA,VVCT,DAD,VVDN,VJ703,VJC703,703,6126.48,187.0,15.3704,108.334,788.952,0.0,0.0,,2025-11-15 06:51:06+00:00
en-route,A321,888128,A321,VN-A677,VJ,VJC,SIN,WSSS,DAD,VVDN,VJ973,VJC973,973,10972.8,221.0,4.6028,104.589,813.028,0.0,0.0,,2025-11-15 06:51:12+00:00
started,A320,888127,A320,VN-A676,VJ,VJC,SGN,VVTS,CGK,WIII,VJ854,VJC854,854,0.0,284.0,-6.1094,106.669,18.52,1.0,0.0,,2025-11-15 06:51:13+00:00
en-route,A321,88813F,A321,VN-A636,VJ,VJC,RMQ,RCMQ,HAN,VVNB,VJ948,VJC948,948,5364.48,30.0,21.7369,106.452,698.204,0.0,0.0,,2025-11-15 06:51:06+00:00
en-route,A321,88813E,A321,VN-A635,VJ,VJC,SGN,VVTS,HAN,VVNB,VJ137,VJC137,137,6888.48,205.0,11.6584,107.698,811.176,0.0,0.0,,2025-11-15 06:51:06+00:00
en-route,A321,888135,A321,VN-A640,VJ,VJC,DAD,VVDN,HAN,VVNB,VJ513,VJC513,513,6934.2,154.0,20.117,106.253,781.544,0.0,0.0,,2025-11-15 06:51:06+00:00
en-route,A321,888137,A321,VN-A642,VJ,VJC,HAN,VVNB,SGN,VVTS,VJ144,VJC144,144,10675.6,345.0,15.7268,107.717,857.476,0.0,0.0,,2025-11-15 06:51:05+00:00
landed,A21N,8881F2,A21N,VN-A547,VJ,VJC,SGN,VVTS,PQC,VVPQ,VJ330,VJC330,330,0.0,239.0,10.8178,106.645,70.376,1.0,0.0,,2025-11-15 06:50:58+00:00
en-route,A21N,888158,A21N,VN-A653,VJ,VJC,SGN,VVTS,PER,YPPH,VJ92,VJC92,92,10668.0,355.0,-0.3105,115.036,866.736,0.0,0.0,,2025-11-15 06:51:13+00:00
en-route,A321,88803F,A321,VN-A684,VJ,VJC,DAD,VVDN,SGN,VVTS,VJ630,VJC630,630,9448.8,14.0,12.4617,107.598,848.216,0.0,0.0,,2025-11-15 06:51:06+00:00
en-route,A321,888040,A321,VN-A685,VJ,VJC,HAN,VVNB,DAD,VVDN,VJ508,VJC508,508,2004.06,357.0,20.9794,105.638,500.04,0.0,0.0,,2025-11-15 06:51:08+00:00
en-route,A320,885974,A320,HS-VKT,VJ,VJC,HKT,VTSP,BKK,VTBS,VZ2314,TVJ2314,2314,10546.1,179.0,11.4488,99.7615,890.812,0.0,0.0,,2025-11-15 06:51:05+00:00
unknown,A321,88814F,A321,VN-A637,VJ,VJC,HAN,VVNB,SGN,VVTS,VJ188,VJC188,188,7.62,106.0,21.2265,105.788,266.688,0.0,0.0,,2025-11-15 06:30:52+00:00
en-route,A321,88815F,A321,VN-A698,VJ,VJC,HAN,VVNB,TPE,RCTP,VJ941,VJC941,941,10058.4,268.0,21.1371,115.665,859.328,0.0,0.0,2657.0,2025-11-15 06:51:02+00:00
en-route,A321,8881AA,A321,VN-A542,VJ,VJC,HAN,VVNB,KUL,WMKK,VJ906,VJC906,906,10660.4,1.0,18.5801,106.097,855.624,0.0,0.0,,2025-11-15 06:51:07+00:00
en-route,A321,888174,A321,VN-A661,VJ,VJC,DAD,VVDN,HPH,VVCI,VJ721,VJC721,721,2446.02,172.0,15.9743,108.089,546.34,0.0,0.0,,2025-11-15 06:51:06+00:00
en-route,A321,8880E9,A321,VN-A651,VJ,VJC,PQC,VVPQ,HAN,VVNB,VJ441,VJC441,441,9753.6,188.0,16.5623,105.955,851.92,0.0,0.0,,2025-11-15 06:51:07+00:00
en-route,A321,88596D,A321,HS-VKM,VJ,VJC,BKK,VTBS,ICN,RKSI,VZ851,TVJ851,851,9144.0,243.0,19.2376,113.103,887.108,0.0,0.0,,2025-11-15 06:51:01+00:00
en-route,A321,888125,A321,VN-A673,VJ,VJC,DAD,VVDN,KUL,WMKK,VJ824,VJC824,824,4808.22,52.0,3.2799,101.958,701.908,0.0,0.0,,2025-11-15 06:51:12+00:00
en-route,A21N,8881D9,A21N,VN-A528,VJ,VJC,SGN,VVTS,UIH,VVPC,VJ387,VJ387,387,7429.5,229.0,11.6379,108.138,857.476,0.0,0.0,,2025-11-15 06:51:06+00:00
en-route,AT75,88805E,AT75,VN-B219,0V,VFC,VCA,VVCT,PQC,VVPQ,VN8074,VFC8074,8074,236.22,59.0,10.0585,105.666,203.72,0.0,0.0,,2025-11-15 06:48:27+00:00
en-route,AT75,48C5F9,AT75,SP-SPQ,P8,SRN,OSL,ENGM,TOS,ENTC,P8522,SRN522,522,7315.2,199.0,67.9327,16.9825,546.34,0.0,0.0,,2025-11-15 06:51:22+00:00
unknown,XXA,XXC,XXA,XXB,,,,,,,XXD,BF502,XXF,6705.6,194.48,61.676,-95.201,466.704,0.0,0.0,,2025-11-15 06:28:04+00:00
unknown,XXA,XXC,XXA,XXB,,,,,,,XXD,OMS5071,XXF,3360.42,198.0,18.5657,55.3081,666.72,0.0,0.0,,2025-11-15 06:28:17+00:00
unknown,XXA,XXC,XXA,XXB,,,,,,,XXD,LHA4114,XXF,3238.5,352.0,33.9497,114.685,488.928,0.0,0.0,,2025-11-15 06:28:18+00:00
unknown,XXA,XXC,XXA,XXB,,,,,,,XXD,VTHLX,XXF,129.54,202.0,20.4722,71.9933,233.352,0.0,0.0,,2025-11-15 06:28:18+00:00
unknown,XXA,XXC,XXA,XXB,,,,,,,XXD,RSCU522,XXF,76.2,329.0,-24.9017,152.32,85.192,0.0,0.0,,2025-11-15 06:28:18+00:00
unknown,XXA,XXC,XXA,XXB,,,,,,,XXD,SHI7311,XXF,9151.62,21.0,33.3193,45.982,955.632,0.0,0.0,,2025-11-15 06:28:18+00:00
unknown,XXA,XXC,XXA,XXB,,,,,,,XXD,N47589,XXF,708.66,283.0,40.8761,-96.7054,131.492,0.0,0.0,,2025-11-15 06:28:18+00:00
unknown,XXA,XXC,XXA,XXB,,,,,,,XXD,N635TJ,XXF,152.4,259.0,39.2237,-74.7646,166.68,0.0,0.0,,2025-11-15 06:28:18+00:00
unknown,XXA,XXC,XXA,XXB,,,,,,,XXD,PER995,XXF,8229.6,164.0,28.3252,31.9599,868.588,0.0,0.0,,2025-11-15 06:28:18+00:00
unknown,XXA,XXC,XXA,XXB,,,,,,,XXD,JA3804,XXF,3375.66,351.0,35.5097,134.78,138.9,0.0,0.0,,2025-11-15 06:28:18+00:00
unknown,XXA,XXC,XXA,XXB,,,,,,,XXD,PKVSP,XXF,510.54,149.0,-8.4321,140.384,333.36,0.0,0.0,,2025-11-15 06:28:18+00:00
unknown,XXA,XXC,XXA,XXB,,,,,,,XXD,LAO701,XXF,5372.1,215.0,20.3486,103.861,687.092,0.0,0.0,,2025-11-15 06:28:18+00:00
unknown,XXA,XXC,XXA,XXB,,,,,,,XXD,N858AH,XXF,487.68,232.0,28.0651,49.0511,257.428,0.0,0.0,,2025-11-15 06:28:18+00:00
unknown,XXA,XXC,XXA,XXB,,,,,,,XXD,GTI8052,XXF,8831.58,51.0,24.8581,121.638,1007.49,0.0,0.0,,2025-11-15 06:28:18+00:00
unknown,XXA,XXC,XXA,XXB,,,,,,,XXD,TCKTN,XXF,982.98,349.0,38.085,32.7818,83.34,0.0,0.0,,2025-11-15 06:28:18+00:00
unknown,XXA,XXC,XXA,XXB,,,,,,,XXD,TCTKS,XXF,807.72,331.0,39.9482,32.6982,211.128,0.0,0.0,,2025-11-15 06:28:18+00:00
unknown,XXA,XXC,XXA,XXB,,,,,,,XXD,5HTFM,XXF,1531.62,231.0,-7.4805,38.3662,327.804,0.0,0.0,,2025-11-15 06:28:18+00:00
unknown,XXA,XXC,XXA,XXB,,,,,,,XXD,TUA115,XXF,434.34,90.0,41.7602,59.7157,292.616,0.0,0.0,,2025-11-15 06:28:18+00:00
unknown,XXA,XXC,XXA,XXB,,,,,,,XXD,TX01,XXF,5608.32,95.0,31.6228,118.739,757.468,0.0,0.0,,2025-11-15 06:28:18+00:00
unknown,XXA,XXC,XXA,XXB,,,,,,,XXD,N136VA,XXF,396.24,91.0,36.5883,-79.4312,262.984,0.0,0.0,,2025-11-15 06:28:18+00:00
unknown,XXA,XXC,XXA,XXB,,,,,,,XXD,FD540,XXF,548.64,125.0,-33.679,136.872,333.36,0.0,0.0,,2025-11-15 06:28:18+00:00
unknown,XXA,XXC,XXA,XXB,,,,,,,XXD,KST1934,XXF,2438.4,342.0,14.3896,100.301,307.432,0.0,0.0,,2025-11-15 06:28:18+00:00
unknown,XXA,XXC,XXA,XXB,,,,,,,XXD,RAX131,XXF,281.94,229.0,39.5423,-84.3783,207.424,0.0,0.0,,2025-11-15 06:28:18+00:00
unknown,XXA,XXC,XXA,XXB,,,,,,,XXD,PRIMR62,XXF,5417.82,56.0,32.3725,37.3578,555.6,0.0,0.0,,2025-11-15 06:28:18+00:00
unknown,XXA,XXC,XXA,XXB,,,,,,,XXD,ZCF,XXF,60.96,288.0,-21.168,149.185,16.668,0.0,0.0,,2025-11-15 06:28:18+00:00
unknown,XXA,XXC,XXA,XXB,,,,,,,XXD,FD645,XXF,53.34,190.0,-32.0934,115.881,72.228,0.0,0.0,,2025-11-15 06:28:18+00:00
unknown,XXA,XXC,XXA,XXB,,,,,,,XXD,WMT,XXF,655.32,276.0,-35.5407,143.006,225.944,0.0,0.0,,2025-11-15 06:28:18+00:00
unknown,XXA,XXC,XXA,XXB,,,,,,,XXD,ZKLFD,XXF,502.92,322.0,-38.2551,175.909,101.86,0.0,0.0,,2025-11-15 06:28:18+00:00
unknown,XXA,XXC,XXA,XXB,,,,,,,XXD,REH6,XXF,975.36,255.0,38.9888,-122.852,211.128,0.0,0.0,,2025-11-15 06:28:18+00:00
unknown,XXA,XXC,XXA,XXB,,,,,,,XXD,LNI992,XXF,335.28,259.0,-4.0718,122.474,290.764,0.0,0.0,,2025-11-15 06:28:18+00:00
unknown,XXA,XXC,XXA,XXB,,,,,,,XXD,NFW,XXF,266.7,206.0,-23.5459,148.072,3.704,0.0,0.0,,2025-11-15 06:28:18+00:00
unknown,XXA,XXC,XXA,XXB,,,,,,,XXD,S7SEA,XXF,2910.84,64.0,-6.0048,54.9619,607.456,0.0,0.0,,2025-11-15 06:28:18+00:00
unknown,XXA,XXC,XXA,XXB,,,,,,,XXD,VTHLY,XXF,129.54,207.0,18.7459,72.3343,131.492,0.0,0.0,,2025-11-15 06:28:18+00:00
unknown,XXA,XXC,XXA,XXB,,,,,,,XXD,IZA0202,XXF,8580.12,259.0,55.541,40.9156,590.788,0.0,0.0,,2025-11-15 06:28:18+00:00
unknown,XXA,XXC,XXA,XXB,,,,,,,XXD,MSC3717,XXF,4572.0,209.0,26.8632,33.6474,785.248,0.0,0.0,,2025-11-15 06:28:18+00:00
unknown,XXA,XXC,XXA,XXB,,,,,,,XXD,CAL6866,XXF,243.84,49.27,25.045,121.18,263.952,0.0,-12.888,4541.0,2025-11-15 06:29:51+00:00
unknown,XXA,XXC,XXA,XXB,,,,,,,XXD,JAL8680,XXF,167.64,329.44,35.7545,140.415,273.168,0.0,-12.888,3056.0,2025-11-15 06:29:52+00:00
unknown,XXA,XXC,XXA,XXB,,,,,,,XXD,N413CF,XXF,152.4,194.0,32.7177,-96.2686,7.408,0.0,0.0,,2025-11-15 06:30:52+00:00
unknown,XXA,XXC,XXA,XXB,,,,,,,XXD,UTL,XXF,91.44,133.0,-27.9687,153.422,57.412,0.0,0.0,,2025-11-15 06:30:52+00:00
unknown,XXA,XXC,XXA,XXB,,,,,,,XXD,NVP,XXF,91.44,174.0,-37.9254,144.753,83.34,0.0,0.0,,2025-11-15 06:30:52+00:00
unknown,XXA,XXC,XXA,XXB,,,,,,,XXD,CQH8754,XXF,1089.66,171.0,22.5672,113.816,362.992,0.0,0.0,,2025-11-15 06:30:52+00:00
unknown,XXA,XXC,XXA,XXB,,,,,,,XXD,OBR,XXF,60.96,270.0,-32.0848,115.884,12.964,0.0,0.0,,2025-11-15 06:30:52+00:00
unknown,XXA,XXC,XXA,XXB,,,,,,,XXD,N728MG,XXF,1219.2,181.0,27.9833,-82.5333,168.532,0.0,0.0,,2025-11-15 06:30:52+00:00
unknown,XXA,XXC,XXA,XXB,,,,,,,XXD,N119AE,XXF,579.12,129.0,35.6424,-97.657,177.792,0.0,0.0,,2025-11-15 06:30:52+00:00
unknown,XXA,XXC,XXA,XXB,,,,,,,XXD,OST20,XXF,449.58,179.0,36.1805,-97.0868,135.196,0.0,0.0,,2025-11-15 06:30:52+00:00
unknown,XXA,XXC,XXA,XXB,,,,,,,XXD,VTM,XXF,929.64,145.0,-36.5616,144.264,107.416,0.0,0.0,,2025-11-15 06:30:52+00:00
unknown,XXA,XXC,XXA,XXB,,,,,,,XXD,CHC11D,XXF,160.02,214.0,22.572,113.914,153.716,0.0,0.0,,2025-11-15 06:30:52+00:00
unknown,XXA,XXC,XXA,XXB,,,,,,,XXD,GARUDA,XXF,6309.36,302.0,-0.3375,102.284,740.8,0.0,0.0,,2025-11-15 06:30:52+00:00
unknown,XXA,XXC,XXA,XXB,,,,,,,XXD,N891GT,XXF,365.76,197.0,40.5676,-85.6638,42.596,0.0,0.0,,2025-11-15 06:30:52+00:00
unknown,XXA,XXC,XXA,XXB,,,,,,,XXD,MZO,XXF,304.8,12.0,-34.593,138.709,203.72,0.0,0.0,,2025-11-15 06:30:52+00:00
unknown,XXA,XXC,XXA,XXB,,,,,,,XXD,FB306,XXF,335.28,165.0,-37.9257,144.985,216.684,0.0,0.0,,2025-11-15 06:30:52+00:00
unknown,XXA,XXC,XXA,XXB,,,,,,,XXD,IUK,XXF,236.22,81.0,-34.5383,150.802,361.14,0.0,0.0,,2025-11-15 06:30:52+00:00
unknown,XXA,XXC,XXA,XXB,,,,,,,XXD,KGT,XXF,381.0,126.0,-42.789,147.43,205.572,0.0,0.0,,2025-11-15 06:30:52+00:00
unknown,XXA,XXC,XXA,XXB,,,,,,,XXD,N77ZX,XXF,365.76,181.0,34.6167,-92.45,112.972,0.0,0.0,,2025-11-15 06:30:52+00:00
unknown,XXA,XXC,XXA,XXB,,,,,,,XXD,N859HW,XXF,274.32,264.0,35.6053,-89.2009,192.608,0.0,0.0,,2025-11-15 06:30:52+00:00
unknown,XXA,XXC,XXA,XXB,,,,,,,XXD,UEA3016,XXF,7970.52,78.0,44.233,88.7339,818.584,0.0,0.0,,2025-11-15 06:30:52+00:00
unknown,XXA,XXC,XXA,XXB,,,,,,,XXD,N824EH,XXF,876.3,320.0,44.0775,-90.8777,207.424,0.0,0.0,,2025-11-15 06:30:52+00:00
unknown,XXA,XXC,XXA,XXB,,,,,,,XXD,VTRFU,XXF,480.06,85.0,17.3082,76.9606,129.64,0.0,0.0,,2025-11-15 06:30:52+00:00
unknown,XXA,XXC,XXA,XXB,,,,,,,XXD,ZUKAI,XXF,289.56,270.0,-32.2827,18.8931,1.852,0.0,0.0,,2025-11-15 06:30:52+00:00
unknown,XXA,XXC,XXA,XXB,,,,,,,XXD,HAF354T,XXF,739.14,232.0,37.8601,21.3711,713.02,0.0,0.0,,2025-11-15 06:30:52+00:00
unknown,XXA,XXC,XXA,XXB,,,,,,,XXD,T7AFA,XXF,243.84,52.0,52.6791,-8.9732,185.2,0.0,0.0,,2025-11-15 06:30:52+00:00
unknown,XXA,XXC,XXA,XXB,,,,,,,XXD,PKTWY,XXF,144.78,34.0,1.4015,103.857,266.688,0.0,0.0,,2025-11-15 06:30:52+00:00
unknown,XXA,XXC,XXA,XXB,,,,,,,XXD,RA22262,XXF,472.44,30.0,62.2659,51.677,74.08,0.0,0.0,,2025-11-15 06:30:52+00:00
unknown,XXA,XXC,XXA,XXB,,,,,,,XXD,CIRCEDA,XXF,45.72,90.0,22.6037,120.376,7.408,0.0,0.0,,2025-11-15 06:30:52+00:00
unknown,XXA,XXC,XXA,XXB,,,,,,,XXD,PBD6913,XXF,11582.4,168.0,49.2424,45.0433,827.844,0.0,0.0,,2025-11-15 06:35:14+00:00
unknown,XXA,XXC,XXA,XXB,,,,,,,XXD,PBD6905,XXF,11582.4,168.0,49.4132,45.0063,831.548,0.0,0.0,,2025-11-15 06:35:14+00:00
unknown,XXA,XXC,XXA,XXB,,,,,,,XXD,VTFSV,XXF,1996.44,229.0,27.2492,74.9875,188.904,0.0,0.0,,2025-11-15 06:35:14+00:00
unknown,XXA,XXC,XXA,XXB,,,,,,,XXD,ICBAS,XXF,952.5,69.0,46.0359,11.3993,240.76,0.0,0.0,,2025-11-15 06:35:14+00:00
unknown,XXA,XXC,XXA,XXB,,,,,,,XXD,N537ME,XXF,647.7,41.0,40.7187,-79.6682,242.612,0.0,0.0,,2025-11-15 06:35:14+00:00
unknown,XXA,XXC,XXA,XXB,,,,,,,XXD,PAC1,XXF,3962.4,105.0,19.1457,98.9649,37.04,0.0,0.0,,2025-11-15 06:35:14+00:00
unknown,XXA,XXC,XXA,XXB,,,,,,,XXD,HVN1590,XXF,0.0,106.0,21.2237,105.798,272.244,0.0,0.0,,2025-11-15 06:35:14+00:00
unknown,XXA,XXC,XXA,XXB,,,,,,,XXD,5YSKE,XXF,91.44,51.0,1.9801,45.2724,248.168,0.0,0.0,,2025-11-15 06:35:14+00:00
unknown,XXA,XXC,XXA,XXB,,,,,,,XXD,NYT676,XXF,2827.02,100.0,27.8105,84.9514,37.04,0.0,0.0,,2025-11-15 06:35:14+00:00
unknown,XXA,XXC,XXA,XXB,,,,,,,XXD,STA622,XXF,1432.56,22.0,27.6565,85.3406,185.2,0.0,0.0,,2025-11-15 06:35:14+00:00
unknown,XXA,XXC,XXA,XXB,,,,,,,XXD,VTOLP,XXF,807.72,80.0,24.8129,79.9292,175.94,0.0,0.0,,2025-11-15 06:35:14+00:00
unknown,XXA,XXC,XXA,XXB,,,,,,,XXD,FDA134,XXF,3710.94,343.0,34.2347,138.201,833.4,0.0,0.0,,2025-11-15 06:35:14+00:00
unknown,XXA,XXC,XXA,XXB,,,,,,,XXD,HXA2788,XXF,7810.5,234.0,42.1861,81.9269,724.132,0.0,0.0,,2025-11-15 06:35:14+00:00
unknown,XXA,XXC,XXA,XXB,,,,,,,XXD,N4166L,XXF,1706.88,329.0,65.844,-149.557,203.72,0.0,0.0,,2025-11-15 06:35:14+00:00
unknown,XXA,XXC,XXA,XXB,,,,,,,XXD,N79948,XXF,274.32,179.0,19.7667,-156.033,166.68,0.0,0.0,,2025-11-15 06:35:14+00:00
unknown,XXA,XXC,XXA,XXB,,,,,,,XXD,N208LS,XXF,297.18,1.0,34.838,-86.5579,194.46,0.0,0.0,,2025-11-15 06:35:14+00:00
unknown,XXA,XXC,XXA,XXB,,,,,,,XXD,N227SP,XXF,350.52,225.0,41.6966,-93.5623,122.232,0.0,0.0,,2025-11-15 06:35:14+00:00
unknown,XXA,XXC,XXA,XXB,,,,,,,XXD,N935MC,XXF,121.92,341.0,28.8085,-81.2823,33.336,0.0,0.0,5257.0,2025-11-15 06:35:14+00:00
unknown,XXA,XXC,XXA,XXB,,,,,,,XXD,P2PHD,XXF,853.44,274.0,-6.3635,143.244,103.712,0.0,0.0,,2025-11-15 06:35:14+00:00
unknown,XXA,XXC,XXA,XXB,,,,,,,XXD,CEQ,XXF,182.88,169.0,-14.5131,132.365,9.26,0.0,0.0,,2025-11-15 06:35:14+00:00
unknown,XXA,XXC,XXA,XXB,,,,,,,XXD,NIW,XXF,91.44,176.0,-37.9323,144.754,50.004,0.0,0.0,562.0,2025-11-15 06:35:14+00:00
unknown,XXA,XXC,XXA,XXB,,,,,,,XXD,A2MBR,XXF,1066.8,38.0,-19.4837,23.8292,296.32,0.0,0.0,,2025-11-15 06:35:14+00:00
unknown,XXA,XXC,XXA,XXB,,,,,,,XXD,AFL7028,XXF,10972.8,157.0,48.5809,45.3097,574.12,0.0,0.0,,2025-11-15 06:35:14+00:00
unknown,XXA,XXC,XXA,XXB,,,,,,,XXD,RS240,XXF,548.64,189.0,55.1628,-105.259,240.76,0.0,0.0,,2025-11-15 06:35:14+00:00
unknown,XXA,XXC,XXA,XXB,,,,,,,XXD,ATE,XXF,2202.18,231.0,-5.8155,144.388,277.8,0.0,0.0,,2025-11-15 06:35:14+00:00
unknown,XXA,XXC,XXA,XXB,,,,,,,XXD,KTV,XXF,2834.64,114.0,-26.3048,132.385,209.276,0.0,0.0,,2025-11-15 06:35:14+00:00
unknown,XXA,XXC,XXA,XXB,,,,,,,XXD,CHC15D,XXF,190.5,234.0,22.5765,113.919,183.348,0.0,0.0,,2025-11-15 06:35:14+00:00
unknown,XXA,XXC,XXA,XXB,,,,,,,XXD,N574AE,XXF,609.6,171.0,38.323,-90.066,135.196,0.0,0.0,,2025-11-15 06:35:14+00:00
unknown,XXA,XXC,XXA,XXB,,,,,,,XXD,CHC355J,XXF,876.3,94.0,20.7487,109.038,205.572,0.0,0.0,,2025-11-15 06:35:14+00:00
unknown,XXA,XXC,XXA,XXB,,,,,,,XXD,N48WL,XXF,243.84,13.0,31.2941,-86.3624,161.124,0.0,0.0,,2025-11-15 06:35:14+00:00
unknown,XXA,XXC,XXA,XXB,,,,,,,XXD,N153AE,XXF,1485.9,161.0,35.0891,-106.636,5.556,0.0,0.0,,2025-11-15 06:35:14+00:00
unknown,XXA,XXC,XXA,XXB,,,,,,,XXD,N932SF,XXF,213.36,6.0,34.4833,-93.037,35.188,0.0,0.0,,2025-11-15 06:35:14+00:00
unknown,XXA,XXC,XXA,XXB,,,,,,,XXD,FDS06,XXF,8229.6,71.0,-0.1389,40.2173,477.816,0.0,0.0,,2025-11-15 06:35:14+00:00
unknown,XXA,XXC,XXA,XXB,,,,,,,XXD,VTRRH,XXF,1775.46,63.0,33.0211,74.9382,57.412,0.0,0.0,,2025-11-15 06:35:14+00:00
unknown,XXA,XXC,XXA,XXB,,,,,,,XXD,TRA718,XXF,205.74,257.0,28.1065,81.6866,159.272,0.0,0.0,,2025-11-15 06:35:14+00:00
unknown,XXA,XXC,XXA,XXB,,,,,,,XXD,HAF356E,XXF,1341.12,227.0,37.9737,21.5261,400.032,0.0,0.0,,2025-11-15 06:35:14+00:00
unknown,XXA,XXC,XXA,XXB,,,,,,,XXD,SXCRI,XXF,1950.72,217.0,39.0824,24.5967,216.684,0.0,0.0,,2025-11-15 06:35:14+00:00
unknown,XXA,XXC,XXA,XXB,,,,,,,XXD,88N,XXF,396.24,153.0,-20.6554,148.61,242.612,0.0,0.0,,2025-11-15 06:35:14+00:00
unknown,XXA,XXC,XXA,XXB,,,,,,,XXD,VTRFM,XXF,1173.48,84.0,18.3653,76.0824,166.68,0.0,0.0,,2025-11-15 06:35:14+00:00
unknown,XXA,XXC,XXA,XXB,,,,,,,XXD,REH35,XXF,335.28,173.0,39.1438,-123.196,187.052,0.0,0.0,,2025-11-15 06:35:14+00:00
unknown,XXA,XXC,XXA,XXB,,,,,,,XXD,VRH5906,XXF,7757.16,11.0,28.5186,52.3371,926.0,0.0,0.0,5601.0,2025-11-15 06:35:14+00:00
unknown,XXA,XXC,XXA,XXB,,,,,,,XXD,SUH548,XXF,350.52,4.0,8.4842,80.9978,174.088,0.0,0.0,,2025-11-15 06:35:14+00:00
unknown,XXA,XXC,XXA,XXB,,,,,,,XXD,IGO1FC,XXF,30.48,77.0,16.5287,80.7876,209.276,0.0,0.0,,2025-11-15 06:35:14+00:00
unknown,XXA,XXC,XXA,XXB,,,,,,,XXD,AUV442,XXF,10668.0,47.0,29.6909,52.6684,259.28,0.0,0.0,,2025-11-15 06:35:14+00:00
unknown,XXA,XXC,XXA,XXB,,,,,,,XXD,BRAYO,XXF,4168.14,270.0,-1.3027,36.0188,329.656,0.0,0.0,,2025-11-15 06:35:14+00:00
unknown,XXA,XXC,XXA,XXB,,,,,,,XXD,PUL106,XXF,5524.5,359.0,50.4537,-80.8042,498.188,0.0,0.0,,2025-11-15 06:37:14+00:00
unknown,XXA,XXC,XXA,XXB,,,,,,,XXD,CHX64,XXF,160.02,301.0,52.9104,13.8008,98.156,0.0,0.0,,2025-11-15 06:37:14+00:00
unknown,XXA,XXC,XXA,XXB,,,,,,,XXD,N883AE,XXF,449.58,196.0,32.6373,-82.9571,181.496,0.0,0.0,,2025-11-15 06:37:14+00:00
unknown,XXA,XXC,XXA,XXB,,,,,,,XXD,N442ME,XXF,419.1,308.0,40.4318,-79.9773,124.084,0.0,0.0,,2025-11-15 06:37:14+00:00
unknown,XXA,XXC,XXA,XXB,,,,,,,XXD,N986AC,XXF,1150.62,315.0,44.9417,-101.191,211.128,0.0,0.0,,2025-11-15 06:37:14+00:00
unknown,XXA,XXC,XXA,XXB,,,,,,,XXD,CUA5857,XXF,678.18,169.0,22.6059,113.808,314.84,0.0,0.0,,2025-11-15 06:37:14+00:00
unknown,XXA,XXC,XXA,XXB,,,,,,,XXD,TIP,XXF,228.6,151.0,-37.9655,145.093,100.008,0.0,0.0,3000.0,2025-11-15 06:37:14+00:00
unknown,XXA,XXC,XXA,XXB,,,,,,,XXD,N608UW,XXF,830.58,359.0,43.4698,-89.4539,270.392,0.0,0.0,,2025-11-15 06:37:14+00:00
unknown,XXA,XXC,XXA,XXB,,,,,,,XXD,RIPIT01,XXF,7010.4,49.0,-1.246,42.3303,446.332,0.0,0.0,,2025-11-15 06:37:14+00:00
unknown,XXA,XXC,XXA,XXB,,,,,,,XXD,MLM712,XXF,220.98,230.0,30.1592,31.4334,224.092,0.0,0.0,,2025-11-15 06:37:14+00:00
unknown,XXA,XXC,XXA,XXB,,,,,,,XXD,NYT873,XXF,1097.28,282.0,27.5119,83.6065,55.56,0.0,0.0,,2025-11-15 06:37:14+00:00
unknown,XXA,XXC,XXA,XXB,,,,,,,XXD,TXO,XXF,411.48,40.0,-34.9618,150.521,92.6,0.0,0.0,,2025-11-15 06:37:14+00:00
unknown,XXA,XXC,XXA,XXB,,,,,,,XXD,NGK,XXF,579.12,300.0,-23.8087,133.908,96.304,0.0,0.0,,2025-11-15 06:37:14+00:00
unknown,XXA,XXC,XXA,XXB,,,,,,,XXD,N988MD,XXF,236.22,78.0,-8.4249,125.53,138.9,0.0,0.0,,2025-11-15 06:37:14+00:00
unknown,XXA,XXC,XXA,XXB,,,,,,,XXD,ATB,XXF,426.72,149.0,-9.3776,147.181,224.092,0.0,0.0,,2025-11-15 06:37:14+00:00
unknown,XXA,XXC,XXA,XXB,,,,,,,XXD,MTS,XXF,137.16,177.0,-37.9702,145.097,129.64,0.0,0.0,1200.0,2025-11-15 06:37:14+00:00
unknown,XXA,XXC,XXA,XXB,,,,,,,XXD,VTNXB,XXF,975.36,166.0,23.7431,72.3502,181.496,0.0,0.0,,2025-11-15 06:37:14+00:00
unknown,XXA,XXC,XXA,XXB,,,,,,,XXD,VSV767,XXF,464.82,247.0,54.7733,69.3059,183.348,0.0,0.0,,2025-11-15 06:37:14+00:00
unknown,XXA,XXC,XXA,XXB,,,,,,,XXD,N858HW,XXF,335.28,27.0,34.3402,-89.5164,220.388,0.0,0.0,,2025-11-15 06:37:14+00:00
unknown,XXA,XXC,XXA,XXB,,,,,,,XXD,TCTKD,XXF,2065.02,75.0,38.0913,27.7415,125.936,0.0,0.0,,2025-11-15 06:37:14+00:00
unknown,XXA,XXC,XXA,XXB,,,,,,,XXD,8AM,XXF,601.98,274.0,-35.0937,142.603,262.984,0.0,0.0,,2025-11-15 06:37:14+00:00
unknown,XXA,XXC,XXA,XXB,,,,,,,XXD,NV179,XXF,2385.06,166.0,-30.3544,138.287,451.888,0.0,0.0,,2025-11-15 06:37:14+00:00
unknown,XXA,XXC,XXA,XXB,,,,,,,XXD,HSEZY,XXF,83.82,262.0,6.9351,100.413,166.68,0.0,0.0,,2025-11-15 06:37:14+00:00
unknown,XXA,XXC,XXA,XXB,,,,,,,XXD,UEN,XXF,502.92,11.0,-36.4424,145.424,153.716,0.0,0.0,,2025-11-15 06:37:14+00:00
unknown,XXA,XXC,XXA,XXB,,,,,,,XXD,N361HF,XXF,144.78,194.0,28.3448,-98.1072,96.304,0.0,0.0,,2025-11-15 06:37:14+00:00
unknown,XXA,XXC,XXA,XXB,,,,,,,XXD,SSJ9919,XXF,7612.38,77.0,61.1995,70.7235,770.432,0.0,0.0,,2025-11-15 06:37:14+00:00
unknown,XXA,XXC,XXA,XXB,,,,,,,XXD,CSN5664,XXF,3390.9,35.0,38.8568,116.567,503.744,0.0,0.0,,2025-11-15 06:37:14+00:00
unknown,XXA,XXC,XXA,XXB,,,,,,,XXD,CTJ3874,XXF,10058.4,84.0,22.7372,94.9008,926.0,0.0,0.0,,2025-11-15 06:37:14+00:00
unknown,XXA,XXC,XXA,XXB,,,,,,,XXD,TCCCT,XXF,883.92,26.0,39.952,32.6977,157.42,0.0,0.0,,2025-11-15 06:37:14+00:00
unknown,XXA,XXC,XXA,XXB,,,,,,,XXD,V6013,XXF,6911.34,104.0,-4.5927,16.5027,733.392,0.0,0.0,,2025-11-15 06:37:14+00:00
unknown,A320,778822,A320,YK-BAB,,,BGW,ORBI,DAM,OSDI,FYC501,FYC501,501,723.9,152.0,33.3643,44.1776,290.764,0.0,0.0,,2025-11-15 06:37:14+00:00
unknown,XXA,XXC,XXA,XXB,,,,,,,XXD,TCCES,XXF,1028.7,108.0,39.9309,32.6859,172.236,0.0,0.0,,2025-11-15 06:37:14+00:00
unknown,XXA,XXC,XXA,XXB,,,,,,,XXD,MARS,XXF,5783.58,354.0,27.1252,93.3501,314.84,0.0,0.0,,2025-11-15 06:37:14+00:00
unknown,XXA,XXC,XXA,XXB,,,,,,,XXD,POSSE81,XXF,2308.86,89.0,34.6772,-99.295,500.04,0.0,0.0,,2025-11-15 06:37:14+00:00
unknown,XXA,XXC,XXA,XXB,,,,,,,XXD,AFL2859,XXF,5753.1,17.0,44.6085,38.9855,692.648,0.0,0.0,,2025-11-15 06:40:54+00:00
unknown,XXA,XXC,XXA,XXB,,,,,,,XXD,ABB885,XXF,3063.24,202.0,30.5439,103.807,520.412,0.0,0.0,,2025-11-15 06:40:55+00:00
unknown,XXA,XXC,XXA,XXB,,,,,,,XXD,VTXIA,XXF,1981.2,255.0,22.8299,70.9234,222.24,0.0,0.0,,2025-11-15 06:40:55+00:00
unknown,XXA,XXC,XXA,XXB,,,,,,,XXD,CHX77,XXF,297.18,180.0,49.7366,8.1008,22.224,0.0,0.0,20.0,2025-11-15 06:40:55+00:00
unknown,XXA,XXC,XXA,XXB,,,,,,,XXD,N525PE,XXF,114.3,135.0,29.7521,-85.0567,227.796,0.0,0.0,,2025-11-15 06:40:55+00:00
unknown,XXA,XXC,XXA,XXB,,,,,,,XXD,N274MA,XXF,83.82,151.0,28.7285,-81.5967,138.9,0.0,0.0,1200.0,2025-11-15 06:40:55+00:00
unknown,XXA,XXC,XXA,XXB,,,,,,,XXD,HGO,XXF,182.88,332.0,-11.7954,130.634,188.904,0.0,0.0,,2025-11-15 06:40:55+00:00
unknown,XXA,XXC,XXA,XXB,,,,,,,XXD,UAL2445,XXF,533.4,190.0,36.2767,-95.8771,207.424,0.0,0.0,5101.0,2025-11-15 06:40:55+00:00
unknown,XXA,XXC,XXA,XXB,,,,,,,XXD,N132AE,XXF,640.08,331.0,39.2935,-84.3299,148.16,0.0,0.0,,2025-11-15 06:40:55+00:00
unknown,XXA,XXC,XXA,XXB,,,,,,,XXD,N520ME,XXF,434.34,281.0,40.6826,-80.092,79.636,0.0,0.0,,2025-11-15 06:40:55+00:00
unknown,XXA,XXC,XXA,XXB,,,,,,,XXD,SDM6402,XXF,106.68,191.0,59.6642,30.4219,127.788,0.0,0.0,,2025-11-15 06:40:55+00:00
unknown,XXA,XXC,XXA,XXB,,,,,,,XXD,N341AM,XXF,312.42,161.0,37.9995,-84.4412,16.668,0.0,0.0,,2025-11-15 06:40:55+00:00
unknown,XXA,XXC,XXA,XXB,,,,,,,XXD,YAO,XXF,2072.64,158.0,-34.4738,138.373,229.648,0.0,0.0,,2025-11-15 06:40:55+00:00
unknown,XXA,XXC,XXA,XXB,,,,,,,XXD,CSN6075,XXF,8534.4,277.0,43.7348,78.8415,737.096,0.0,0.0,,2025-11-15 06:40:55+00:00
unknown,XXA,XXC,XXA,XXB,,,,,,,XXD,SEJ2812,XXF,617.22,85.0,17.2181,78.3987,240.76,0.0,0.0,,2025-11-15 06:40:55+00:00
unknown,XXA,XXC,XXA,XXB,,,,,,,XXD,TGN7345,XXF,5074.92,227.0,-3.7299,139.343,727.836,0.0,0.0,,2025-11-15 06:40:55+00:00
unknown,XXA,XXC,XXA,XXB,,,,,,,XXD,KRN,XXF,182.88,182.0,-38.2574,145.18,111.12,0.0,0.0,1200.0,2025-11-15 06:40:55+00:00
unknown,XXA,XXC,XXA,XXB,,,,,,,XXD,ZSCHB,XXF,1562.1,308.0,-26.1739,27.349,314.84,0.0,0.0,,2025-11-15 06:40:55+00:00
unknown,XXA,XXC,XXA,XXB,,,,,,,XXD,LAO602,XXF,2065.02,154.0,18.2588,102.371,474.112,0.0,0.0,,2025-11-15 06:40:55+00:00
unknown,XXA,XXC,XXA,XXB,,,,,,,XXD,N544AM,XXF,883.92,90.0,32.1967,-110.775,1.852,0.0,0.0,,2025-11-15 06:40:55+00:00
unknown,XXA,XXC,XXA,XXB,,,,,,,XXD,CSS302,XXF,10675.6,34.0,14.6765,112.003,881.552,0.0,0.0,,2025-11-15 06:40:55+00:00
unknown,XXA,XXC,XXA,XXB,,,,,,,XXD,PKSNC,XXF,3108.96,256.0,3.9354,116.733,237.056,0.0,0.0,,2025-11-15 06:40:55+00:00
unknown,XXA,XXC,XXA,XXB,,,,,,,XXD,HABU55,XXF,7315.2,203.0,28.7466,129.185,425.96,0.0,0.0,,2025-11-15 06:40:55+00:00
unknown,XXA,XXC,XXA,XXB,,,,,,,XXD,UJR,XXF,457.2,184.0,-35.3713,142.867,312.988,0.0,0.0,,2025-11-15 06:40:55+00:00
unknown,XXA,XXC,XXA,XXB,,,,,,,XXD,BHA372,XXF,2804.16,99.0,27.8032,84.8748,351.88,0.0,0.0,,2025-11-15 06:40:55+00:00
unknown,XXA,XXC,XXA,XXB,,,,,,,XXD,ZSTIK,XXF,1188.72,272.0,-25.6539,28.2323,137.048,0.0,0.0,,2025-11-15 06:40:55+00:00
unknown,XXA,XXC,XXA,XXB,,,,,,,XXD,N847TC,XXF,312.42,176.0,31.6785,-97.0752,129.64,0.0,0.0,,2025-11-15 06:40:55+00:00
unknown,XXA,XXC,XXA,XXB,,,,,,,XXD,IRON,XXF,1813.56,7.0,23.2013,87.3806,351.88,0.0,0.0,,2025-11-15 06:40:55+00:00
unknown,XXA,XXC,XXA,XXB,,,,,,,XXD,CHX01,XXF,731.52,232.0,47.9816,11.4515,29.632,0.0,0.0,,2025-11-15 06:40:55+00:00
unknown,XXA,XXC,XXA,XXB,,,,,,,XXD,N865NC,XXF,99.06,265.0,35.9738,-77.8512,22.224,0.0,0.0,,2025-11-15 06:40:55+00:00
unknown,XXA,XXC,XXA,XXB,,,,,,,XXD,CBG8876,XXF,746.76,19.0,19.9664,110.502,262.984,0.0,0.0,,2025-11-15 06:40:55+00:00
unknown,XXA,XXC,XXA,XXB,,,,,,,XXD,RCH693,XXF,419.1,354.0,27.8544,-15.4206,277.8,0.0,0.0,,2025-11-15 06:40:55+00:00
unknown,XXA,XXC,XXA,XXB,,,,,,,XXD,USA451,XXF,3962.4,128.0,40.545,70.1016,350.028,0.0,0.0,,2025-11-15 06:40:55+00:00
unknown,XXA,XXC,XXA,XXB,,,,,,,XXD,DLW,XXF,335.28,284.0,-35.4558,138.758,150.012,0.0,0.0,,2025-11-15 06:40:55+00:00
unknown,XXA,XXC,XXA,XXB,,,,,,,XXD,SBI8856,XXF,10363.2,269.0,55.5738,66.8928,800.064,0.0,0.0,,2025-11-15 06:40:55+00:00
unknown,XXA,XXC,XXA,XXB,,,,,,,XXD,FHXPA,XXF,259.08,111.0,46.8932,-2.1092,146.308,0.0,0.0,,2025-11-15 06:40:55+00:00
unknown,XXA,XXC,XXA,XXB,,,,,,,XXD,INA6730,XXF,9144.0,344.0,30.3807,55.3939,835.252,0.0,0.0,,2025-11-15 06:40:55+00:00
unknown,XXA,XXC,XXA,XXB,,,,,,,XXD,CYZ249,XXF,9753.6,261.0,23.0936,97.1058,783.396,0.0,0.0,,2025-11-15 06:40:55+00:00
unknown,XXA,XXC,XXA,XXB,,,,,,,XXD,TCCCS,XXF,815.34,284.0,39.9487,32.6938,125.936,0.0,0.0,,2025-11-15 06:40:55+00:00
unknown,XXA,XXC,XXA,XXB,,,,,,,XXD,9NANT,XXF,3261.36,246.0,27.6148,86.6395,220.388,0.0,0.0,,2025-11-15 06:40:55+00:00
unknown,XXA,XXC,XXA,XXB,,,,,,,XXD,A6FTB,XXF,91.44,150.0,25.1352,55.1564,244.464,0.0,0.0,2000.0,2025-11-15 06:40:55+00:00
landed,XXA,XXC,XXA,XXB,,,,,,,XXD,SDA261,XXF,0.0,265.0,-41.5177,173.872,77.784,1.0,0.0,,2025-11-15 06:41:33+00:00
landed,XXA,XXC,XXA,XXB,,,,,,,XXD,CES709,XXF,0.0,180.43,40.5388,-3.5698,248.184,1.0,-3.528,1000.0,2025-11-15 06:41:35+00:00
landed,XXA,XXC,XXA,XXB,,,,,,,XXD,PXT504,XXF,0.0,120.94,37.6596,-122.118,0.0,1.0,0.0,,2025-11-15 06:41:37+00:00
landed,XXA,XXC,XXA,XXB,,,,,,,XXD,JBU1873,XXF,0.0,118.0,33.946,-118.402,0.0,1.0,0.0,,2025-11-15 06:41:41+00:00
landed,XXA,XXC,XXA,XXB,,,,,,,XXD,WJA1024,XXF,0.0,182.0,33.9474,-118.404,0.0,1.0,0.0,,2025-11-15 06:41:43+00:00
landed,XXA,XXC,XXA,XXB,,,,,,,XXD,FFT3659,XXF,0.0,292.0,33.4424,-111.999,5.556,1.0,0.0,,2025-11-15 06:42:01+00:00
landed,XXA,XXC,XXA,XXB,,,,,,,XXD,YNB,XXF,0.0,303.75,-34.7894,138.633,0.0,1.0,0.0,,2025-11-15 06:42:03+00:00
landed,XXA,XXC,XXA,XXB,,,,,,,XXD,EJA730,XXF,0.0,312.0,33.6201,-111.916,0.0,1.0,0.0,,2025-11-15 06:42:03+00:00
landed,XXA,XXC,XXA,XXB,,,,,,,XXD,ASA372,XXF,0.0,53.44,30.2016,-97.6709,0.0,1.0,0.0,,2025-11-15 06:42:16+00:00
landed,XXA,XXC,XXA,XXB,,,,,,,XXD,HYM401,XXF,0.0,340.0,50.0491,8.5911,0.0,1.0,0.0,1000.0,2025-11-15 06:42:22+00:00
landed,XXA,XXC,XXA,XXB,,,,,,,XXD,SKW3664,XXF,0.0,196.88,30.2029,-97.6633,0.0,1.0,0.0,,2025-11-15 06:42:24+00:00
landed,XXA,XXC,XXA,XXB,,,,,,,XXD,QXE9988,XXF,0.0,22.5,45.5847,-122.591,8.316,1.0,0.0,,2025-11-15 06:42:28+00:00
unknown,XXA,XXC,XXA,XXB,,,,,,,XXD,AAL2043,XXF,0.0,213.75,38.7426,-90.3626,0.0,1.0,0.0,,2025-11-15 06:42:30+00:00
landed,XXA,XXC,XXA,XXB,,,,,,,XXD,FFT2742,XXF,0.0,278.0,40.2768,-74.8176,0.0,1.0,0.0,,2025-11-15 06:42:38+00:00
landed,XXA,XXC,XXA,XXB,,,,,,,XXD,TTW281,XXF,0.0,92.0,22.5721,120.339,1.852,1.0,0.0,3705.0,2025-11-15 06:43:17+00:00
unknown,XXA,XXC,XXA,XXB,,,,,,,XXD,SER460,XXF,0.0,295.31,45.4593,-73.754,17.604,1.0,0.0,,2025-11-15 06:43:20+00:00
landed,XXA,XXC,XXA,XXB,,,,,,,XXD,YBQ,XXF,68.58,210.94,-34.7986,138.634,0.0,0.0,0.0,,2025-11-15 06:43:25+00:00
Unknown,XXA,XXC,XXA,XXB,,,,,,,XXD,FDX9735,XXF,10057.2,45.0,43.522,150.671,963.04,0.0,0.0,,2025-11-15 06:43:30+00:00
landed,XXA,XXC,XXA,XXB,,,,,,,XXD,LVKAX,XXF,0.0,45.0,-34.8031,-58.5361,44.448,1.0,0.0,2460.0,2025-11-15 06:43:38+00:00
unknown,XXA,XXC,XXA,XXB,,,,,,,XXD,JJP381,XXF,571.5,203.45,26.0804,127.761,502.668,0.0,-12.888,,2025-11-15 06:43:47+00:00
Unknown,XXA,XXC,XXA,XXB,,,,,,,XXD,AIH2929,XXF,9753.6,62.0,56.4095,-177.499,992.672,0.0,0.0,,2025-11-15 06:43:58+00:00
landed,XXA,XXC,XXA,XXB,,,,,,,XXD,N622FB,XXF,0.0,270.0,33.687,-112.074,0.0,1.0,0.0,,2025-11-15 06:44:01+00:00
landed,XXA,XXC,XXA,XXB,,,,,,,XXD,TOM157,XXF,0.0,315.0,53.3681,-2.2869,0.0,1.0,0.0,7644.0,2025-11-15 06:44:09+00:00
landed,XXA,XXC,XXA,XXB,,,,,,,XXD,VTRBW,XXF,0.0,171.0,23.7523,78.857,1.852,1.0,0.0,,2025-11-15 06:44:18+00:00
landed,XXA,XXC,XXA,XXB,,,,,,,XXD,FFT1426,XXF,0.0,45.0,32.8953,-97.0455,0.0,1.0,0.0,7003.0,2025-11-15 06:44:21+00:00
Unknown,XXA,XXC,XXA,XXB,,,,,,,XXD,BOX585,XXF,10668.0,96.0,45.6017,-144.878,1046.38,0.0,0.0,,2025-11-15 06:44:31+00:00
landed,XXA,XXC,XXA,XXB,,,,,,,XXD,SWA9002,XXF,0.0,89.0,33.9475,-118.4,12.964,1.0,0.0,,2025-11-15 06:44:37+00:00
landed,XXA,XXC,XXA,XXB,,,,,,,XXD,LAV984P,XXF,0.0,30.0,43.3019,-2.9055,12.964,1.0,0.0,1000.0,2025-11-15 06:44:40+00:00
landed,XXA,XXC,XXA,XXB,,,,,,,XXD,ABX188,XXF,0.0,89.0,39.0321,-84.6507,0.0,1.0,0.0,,2025-11-15 06:44:46+00:00
unknown,XXA,XXC,XXA,XXB,,,,,,,XXD,RANGER7,XXF,0.0,73.12,53.3647,-2.2847,4.644,1.0,0.0,,2025-11-15 06:44:47+00:00
landed,XXA,XXC,XXA,XXB,,,,,,,XXD,SAQ932,XXF,0.0,270.0,11.5497,43.1572,48.152,1.0,0.0,,2025-11-15 06:44:49+00:00
landed,XXA,XXC,XXA,XXB,,,,,,,XXD,FWI41D,XXF,0.0,323.0,48.7286,2.3772,12.964,1.0,0.0,1000.0,2025-11-15 06:44:51+00:00
unknown,XXA,XXC,XXA,XXB,,,,,,,XXD,SSF53,XXF,205.74,277.31,64.6008,40.7052,291.276,0.0,14.04,,2025-11-15 06:44:54+00:00
unknown,XXA,XXC,XXA,XXB,,,,,,,XXD,00CA6182,XXF,7437.12,54.58,21.4995,121.849,424.98,0.0,0.0,1400.0,2025-11-15 06:44:54+00:00
unknown,XXA,XXC,XXA,XXB,,,,,,,XXD,VTSBS,XXF,0.0,231.77,28.0921,76.2098,155.628,0.0,8.208,,2025-11-15 06:44:54+00:00
landed,XXA,XXC,XXA,XXB,,,,,,,XXD,BUC900P,XXF,0.0,267.0,42.5535,21.0112,1.852,1.0,0.0,4536.0,2025-11-15 06:44:56+00:00
landed,XXA,XXC,XXA,XXB,,,,,,,XXD,N221MT,XXF,0.0,227.0,33.3102,-111.668,1.852,1.0,0.0,,2025-11-15 06:45:00+00:00
landed,XXA,XXC,XXA,XXB,,,,,,,XXD,VTCHB,XXF,0.0,171.0,23.7527,78.8565,9.26,1.0,0.0,,2025-11-15 06:45:00+00:00
landed,XXA,XXC,XXA,XXB,,,,,,,XXD,OMA226,XXF,0.0,129.0,23.6018,58.2857,0.0,1.0,0.0,,2025-11-15 06:45:00+00:00
landed,XXA,XXC,XXA,XXB,,,,,,,XXD,FDY65,XXF,0.0,19.0,21.1552,-157.093,0.0,1.0,0.0,,2025-11-15 06:45:02+00:00
landed,XXA,XXC,XXA,XXB,,,,,,,XXD,VJC829,XXF,0.0,160.0,10.8136,106.657,0.0,1.0,0.0,,2025-11-15 06:45:02+00:00
landed,XXA,XXC,XXA,XXB,,,,,,,XXD,CFH21,XXF,0.0,292.0,-33.9169,150.993,1.852,1.0,0.0,1044.0,2025-11-15 06:45:06+00:00
unknown,XXA,XXC,XXA,XXB,,,,,,,XXD,CFLFN,XXF,243.84,209.0,44.8764,-63.5197,18.52,0.0,0.0,,2025-11-15 06:45:17+00:00
unknown,XXA,XXC,XXA,XXB,,,,,,,XXD,ROVER1,XXF,0.0,73.0,51.1528,-0.185,0.0,1.0,0.0,,2025-11-15 06:45:17+00:00
unknown,XXA,XXC,XXA,XXB,,,,,,,XXD,R91,XXF,0.0,199.0,1.3635,103.982,7.408,1.0,0.0,,2025-11-15 06:45:17+00:00
unknown,XXA,XXC,XXA,XXB,,,,,,,XXD,MTC262,XXF,0.0,53.0,43.666,-79.6038,16.668,1.0,0.0,,2025-11-15 06:45:17+00:00
unknown,XXA,XXC,XXA,XXB,,,,,,,XXD,F05,XXF,0.0,244.0,41.2997,2.0748,40.744,1.0,0.0,,2025-11-15 06:45:17+00:00
unknown,XXA,XXC,XXA,XXB,,,,,,,XXD,UAE4DU,XXF,0.0,30.0,25.2419,55.3871,0.0,1.0,0.0,,2025-11-15 06:45:17+00:00
unknown,XXA,XXC,XXA,XXB,,,,,,,XXD,VSV5213,XXF,7597.14,91.0,43.2812,75.9854,785.248,0.0,0.0,,2025-11-15 06:45:17+00:00
unknown,XXA,XXC,XXA,XXB,,,,,,,XXD,PBD6823,XXF,114.3,179.0,59.6618,30.4219,118.528,0.0,0.0,,2025-11-15 06:45:17+00:00
unknown,XXA,XXC,XXA,XXB,,,,,,,XXD,N155KQ,XXF,0.0,323.0,-17.7523,30.9268,0.0,1.0,0.0,,2025-11-15 06:45:17+00:00
unknown,XXA,XXC,XXA,XXB,,,,,,,XXD,CGYNP,XXF,381.0,79.0,46.6274,-80.7939,48.152,0.0,0.0,,2025-11-15 06:45:17+00:00
unknown,XXA,XXC,XXA,XXB,,,,,,,XXD,FIRE3,XXF,0.0,160.0,51.1527,-0.1837,1.852,1.0,0.0,,2025-11-15 06:45:17+00:00
unknown,XXA,XXC,XXA,XXB,,,,,,,XXD,N49PS,XXF,0.0,270.0,26.9308,-81.9841,0.0,1.0,0.0,,2025-11-15 06:45:17+00:00
unknown,XXA,XXC,XXA,XXB,,,,,,,XXD,N744TX,XXF,0.0,146.0,32.3418,-95.292,0.0,1.0,0.0,,2025-11-15 06:45:17+00:00
unknown,XXA,XXC,XXA,XXB,,,,,,,XXD,SER452,XXF,0.0,73.0,45.4593,-73.7577,27.78,1.0,0.0,,2025-11-15 06:45:17+00:00
unknown,XXA,XXC,XXA,XXB,,,,,,,XXD,CPA251,XXF,0.0,39.0,51.4712,-0.4657,0.0,1.0,0.0,,2025-11-15 06:45:17+00:00
unknown,XXA,XXC,XXA,XXB,,,,,,,XXD,FFT1303,XXF,0.0,5.0,39.053,-84.6529,0.0,1.0,0.0,,2025-11-15 06:45:17+00:00
unknown,XXA,XXC,XXA,XXB,,,,,,,XXD,FIRE9,XXF,0.0,185.0,51.1527,-0.1835,0.0,1.0,0.0,,2025-11-15 06:45:17+00:00
unknown,XXA,XXC,XXA,XXB,,,,,,,XXD,KOC1,XXF,91.44,201.0,29.0609,48.0551,44.448,0.0,0.0,,2025-11-15 06:45:17+00:00
unknown,XXA,XXC,XXA,XXB,,,,,,,XXD,N7857W,XXF,571.5,18.0,38.7968,-94.9315,203.72,0.0,0.0,,2025-11-15 06:45:17+00:00
unknown,XXA,XXC,XXA,XXB,,,,,,,XXD,OAFIRE6,XXF,0.0,84.0,23.5905,58.2991,44.448,1.0,0.0,,2025-11-15 06:45:17+00:00
unknown,XXA,XXC,XXA,XXB,,,,,,,XXD,VUBKJ,XXF,2804.16,161.0,21.3962,79.0581,444.48,0.0,0.0,,2025-11-15 06:45:17+00:00
unknown,XXA,XXC,XXA,XXB,,,,,,,XXD,ASI402,XXF,0.0,84.0,33.6869,-112.082,22.224,1.0,0.0,,2025-11-15 06:45:17+00:00
unknown,XXA,XXC,XXA,XXB,,,,,,,XXD,VUBFR,XXF,1889.76,243.0,12.3534,76.8565,403.736,0.0,0.0,,2025-11-15 06:45:17+00:00
unknown,XXA,XXC,XXA,XXB,,,,,,,XXD,ZKHAL,XXF,182.88,236.0,-37.9412,175.161,92.6,0.0,0.0,,2025-11-15 06:45:17+00:00
unknown,XXA,XXC,XXA,XXB,,,,,,,XXD,KAC302,XXF,0.0,334.0,29.2332,47.9679,25.928,1.0,0.0,3511.0,2025-11-15 06:45:17+00:00
unknown,XXA,XXC,XXA,XXB,,,,,,,XXD,XFB,XXF,205.74,354.0,-38.3044,144.363,164.828,0.0,0.0,1200.0,2025-11-15 06:45:17+00:00
unknown,XXA,XXC,XXA,XXB,,,,,,,XXD,NJL,XXF,91.44,175.0,-37.9263,144.754,87.044,0.0,0.0,1200.0,2025-11-15 06:45:17+00:00
unknown,XXA,XXC,XXA,XXB,,,,,,,XXD,UAL57,XXF,0.0,213.0,49.0168,2.5443,0.0,1.0,0.0,,2025-11-15 06:45:17+00:00
unknown,XXA,XXC,XXA,XXB,,,,,,,XXD,KSA,XXF,6126.48,262.0,-4.7979,149.007,507.448,0.0,0.0,,2025-11-15 06:45:17+00:00
unknown,XXA,XXC,XXA,XXB,,,,,,,XXD,TAE,XXF,365.76,20.0,-37.9728,145.071,192.608,0.0,0.0,,2025-11-15 06:45:17+00:00
unknown,XXA,XXC,XXA,XXB,,,,,,,XXD,JHH,XXF,152.4,176.0,-37.9699,145.097,118.528,0.0,0.0,3000.0,2025-11-15 06:45:17+00:00
unknown,XXA,XXC,XXA,XXB,,,,,,,XXD,8QTMU,XXF,0.0,2.0,4.1924,73.5343,0.0,1.0,0.0,,2025-11-15 06:45:17+00:00
unknown,XXA,XXC,XXA,XXB,,,,,,,XXD,VNB466,XXF,99.06,210.0,20.9418,106.955,200.016,0.0,0.0,,2025-11-15 06:45:17+00:00
unknown,XXA,XXC,XXA,XXB,,,,,,,XXD,MGV,XXF,457.2,4.0,-37.6763,145.346,185.2,0.0,0.0,,2025-11-15 06:45:17+00:00
unknown,XXA,XXC,XXA,XXB,,,,,,,XXD,TCTKU,XXF,0.0,129.0,39.9469,32.6896,0.0,1.0,0.0,,2025-11-15 06:45:17+00:00
unknown,XXA,XXC,XXA,XXB,,,,,,,XXD,CES5392,XXF,0.0,45.0,22.0086,113.372,0.0,1.0,0.0,,2025-11-15 06:45:17+00:00
unknown,XXA,XXC,XXA,XXB,,,,,,,XXD,DA7016,XXF,266.7,35.0,23.4725,119.589,242.612,0.0,0.0,,2025-11-15 06:45:17+00:00
unknown,XXA,XXC,XXA,XXB,,,,,,,XXD,KIS7072,XXF,9136.38,23.0,29.2243,55.4929,940.816,0.0,0.0,,2025-11-15 06:45:17+00:00
unknown,XXA,XXC,XXA,XXB,,,,,,,XXD,LN760AF,XXF,175.26,196.0,34.7447,-92.2932,31.484,0.0,0.0,,2025-11-15 06:45:17+00:00
unknown,XXA,XXC,XXA,XXB,,,,,,,XXD,CSC6979,XXF,2331.72,278.0,30.8362,107.136,346.324,0.0,0.0,,2025-11-15 06:45:17+00:00
unknown,XXA,XXC,XXA,XXB,,,,,,,XXD,VIV771,XXF,0.0,205.0,4.6989,-74.1402,0.0,1.0,0.0,,2025-11-15 06:45:17+00:00
unknown,XXA,XXC,XXA,XXB,,,,,,,XXD,CAL5706,XXF,3810.0,74.0,25.3176,121.799,807.472,0.0,0.0,,2025-11-15 06:45:17+00:00
unknown,XXA,XXC,XXA,XXB,,,,,,,XXD,LLR623,XXF,1531.62,308.0,21.1648,70.4733,442.628,0.0,0.0,,2025-11-15 06:45:17+00:00
unknown,XXA,XXC,XXA,XXB,,,,,,,XXD,MSC453,XXF,99.06,339.0,21.6558,39.1455,246.316,0.0,0.0,,2025-11-15 06:45:17+00:00
unknown,XXA,XXC,XXA,XXB,,,,,,,XXD,N429RX,XXF,662.94,309.0,36.1277,-115.081,207.424,0.0,0.0,,2025-11-15 06:45:17+00:00
unknown,XXA,XXC,XXA,XXB,,,,,,,XXD,N142AH,XXF,83.82,356.0,42.5619,-73.8357,31.484,0.0,0.0,,2025-11-15 06:45:17+00:00
unknown,XXA,XXC,XXA,XXB,,,,,,,XXD,PBD6841,XXF,3665.22,111.0,55.6323,48.5065,738.948,0.0,0.0,,2025-11-15 06:45:17+00:00
unknown,XXA,XXC,XXA,XXB,,,,,,,XXD,N769,XXF,0.0,128.0,19.4206,-99.0804,1.852,1.0,0.0,,2025-11-15 06:45:17+00:00
unknown,XXA,XXC,XXA,XXB,,,,,,,XXD,B121R,XXF,2103.12,158.0,34.4948,112.537,274.096,0.0,0.0,,2025-11-15 06:45:17+00:00
unknown,XXA,XXC,XXA,XXB,,,,,,,XXD,FFT2779,XXF,0.0,132.0,41.7897,-87.7424,0.0,1.0,0.0,,2025-11-15 06:45:17+00:00
unknown,XXA,XXC,XXA,XXB,,,,,,,XXD,RANGER9,XXF,0.0,59.0,52.4544,-1.7333,22.224,1.0,0.0,,2025-11-15 06:45:17+00:00
unknown,XXA,XXC,XXA,XXB,,,,,,,XXD,VTRFW,XXF,1463.04,337.0,17.8011,76.7314,231.5,0.0,0.0,,2025-11-15 06:45:17+00:00
unknown,XXA,XXC,XXA,XXB,,,,,,,XXD,TCERC,XXF,1973.58,205.0,37.4612,30.0196,194.46,0.0,0.0,,2025-11-15 06:45:17+00:00
unknown,XXA,XXC,XXA,XXB,,,,,,,XXD,ETH231,XXF,7924.8,244.0,7.8639,37.2201,781.544,0.0,0.0,,2025-11-15 06:45:17+00:00
unknown,XXA,XXC,XXA,XXB,,,,,,,XXD,N803AW,XXF,0.0,177.0,30.196,-97.671,0.0,1.0,0.0,,2025-11-15 06:45:17+00:00
unknown,XXA,XXC,XXA,XXB,,,,,,,XXD,N332AM,XXF,502.92,44.0,34.4991,-83.547,166.68,0.0,0.0,,2025-11-15 06:45:17+00:00
unknown,XXA,XXC,XXA,XXB,,,,,,,XXD,SQ,XXF,0.0,329.0,52.3129,4.7439,0.0,1.0,0.0,,2025-11-15 06:45:17+00:00
unknown,XXA,XXC,XXA,XXB,,,,,,,XXD,9MPMA,XXF,647.7,306.0,4.5216,117.512,240.76,0.0,0.0,,2025-11-15 06:45:17+00:00
unknown,XXA,XXC,XXA,XXB,,,,,,,XXD,5YZBP,XXF,1318.26,131.0,-2.3809,37.8137,312.988,0.0,0.0,,2025-11-15 06:45:17+00:00
unknown,XXA,XXC,XXA,XXB,,,,,,,XXD,VUAIH,XXF,1767.84,82.0,26.7665,88.9578,305.58,0.0,0.0,,2025-11-15 06:45:17+00:00
unknown,XXA,XXC,XXA,XXB,,,,,,,XXD,AAMX20,XXF,0.0,320.0,41.9925,-87.9156,0.0,1.0,0.0,,2025-11-15 06:45:17+00:00
unknown,XXA,XXC,XXA,XXB,,,,,,,XXD,5YGCC,XXF,2590.8,328.0,-1.1371,36.6407,285.208,0.0,0.0,,2025-11-15 06:45:17+00:00
unknown,XXA,XXC,XXA,XXB,,,,,,,XXD,HSHVJ,XXF,53.34,185.0,8.5431,99.9451,90.748,0.0,0.0,,2025-11-15 06:45:17+00:00
unknown,XXA,XXC,XXA,XXB,,,,,,,XXD,N801XR,XXF,2468.88,90.0,33.018,-114.244,1.852,0.0,0.0,,2025-11-15 06:45:17+00:00
unknown,XXA,XXC,XXA,XXB,,,,,,,XXD,KRU2502,XXF,3665.22,51.0,29.3441,52.8143,540.784,0.0,0.0,,2025-11-15 06:45:17+00:00
unknown,XXA,XXC,XXA,XXB,,,,,,,XXD,ZSSRR,XXF,2255.52,98.0,-24.8621,31.1693,416.7,0.0,0.0,,2025-11-15 06:45:17+00:00
unknown,XXA,XXC,XXA,XXB,,,,,,,XXD,PMA,XXF,0.0,243.0,-33.3768,115.681,101.86,1.0,0.0,,2025-11-15 06:45:17+00:00
unknown,XXA,XXC,XXA,XXB,,,,,,,XXD,N489AE,XXF,449.58,225.0,37.0478,-94.5096,203.72,0.0,0.0,,2025-11-15 06:45:17+00:00
unknown,XXA,XXC,XXA,XXB,,,,,,,XXD,SEDOX,XXF,0.0,101.0,55.6289,12.6394,0.0,1.0,0.0,,2025-11-15 06:45:17+00:00
unknown,XXA,XXC,XXA,XXB,,,,,,,XXD,IRC6569,XXF,10210.8,63.0,33.4338,46.2082,611.16,0.0,0.0,,2025-11-15 06:45:17+00:00
unknown,XXA,XXC,XXA,XXB,,,,,,,XXD,PXT,XXF,3421.38,54.0,-8.9494,147.955,537.08,0.0,0.0,,2025-11-15 06:45:17+00:00
unknown,XXA,XXC,XXA,XXB,,,,,,,XXD,SURF18,XXF,373.38,105.0,21.3471,-158.13,216.684,0.0,0.0,,2025-11-15 06:45:17+00:00
unknown,XXA,XXC,XXA,XXB,,,,,,,XXD,HK5313,XXF,0.0,104.0,4.6883,-74.1265,0.0,1.0,0.0,,2025-11-15 06:45:17+00:00
unknown,XXA,XXC,XXA,XXB,,,,,,,XXD,PKDJM,XXF,76.2,254.0,-6.2922,107.267,12.964,0.0,0.0,,2025-11-15 06:45:17+00:00
